time,open,high,low,close,volume
2024-01-01 22:00:00,0.86901,0.86901,0.86901,0.86901,1.7999999523162842
2024-01-01 22:05:00,0.86872,0.86883,0.86865,0.8688,15.650000274181366
2024-01-01 22:10:00,0.86877,0.86877,0.86849,0.86855,79.0500015616417
2024-01-01 22:15:00,0.86855,0.86855,0.86838,0.86838,35.36000072956085
2024-01-01 22:20:00,0.86833,0.86852,0.86804,0.86819,264.0500068664551
2024-01-01 22:25:00,0.8682,0.8682,0.86806,0.86816,73.50000190734863
2024-01-01 22:30:00,0.86816,0.86871,0.86805,0.86863,269.38000482320786
2024-01-01 22:35:00,0.86863,0.86877,0.86783,0.86788,441.9200094342232
2024-01-01 22:40:00,0.86789,0.86791,0.86763,0.86763,187.40000534057617
2024-01-01 22:45:00,0.86763,0.86766,0.8674,0.86745,148.95000522583723
2024-01-01 22:50:00,0.86745,0.86768,0.86744,0.8676,70.32000160962343
2024-01-01 22:55:00,0.86766,0.868,0.86766,0.86796,83.58000135421753
2024-01-01 23:00:00,0.86801,0.86803,0.86711,0.86716,570.3300144672394
2024-01-01 23:05:00,0.86716,0.86718,0.86699,0.86707,301.99000453948975
2024-01-01 23:10:00,0.86706,0.86712,0.86695,0.86697,473.8700132369995
2024-01-01 23:15:00,0.86697,0.86723,0.86696,0.86723,388.2000138759613
2024-01-01 23:20:00,0.86723,0.86727,0.86714,0.86725,301.44000804424286
2024-01-01 23:25:00,0.86724,0.86724,0.86698,0.86699,232.22000539302826
2024-01-01 23:30:00,0.86699,0.86705,0.86695,0.86705,151.47000515460968
2024-01-01 23:35:00,0.86705,0.8672,0.86704,0.86719,276.1600067615509
2024-01-01 23:40:00,0.86719,0.86719,0.86711,0.86718,220.29000520706177
2024-01-01 23:45:00,0.86722,0.8673,0.86703,0.86707,280.5400059223175
2024-01-01 23:50:00,0.86707,0.86714,0.86706,0.86713,243.70000791549683
2024-01-01 23:55:00,0.86712,0.86717,0.86708,0.86712,161.26000475883484
2024-01-02 00:00:00,0.86712,0.86724,0.86706,0.8671,437.2200105190277
2024-01-02 00:05:00,0.86711,0.86729,0.86711,0.86722,167.99000453948975
2024-01-02 00:10:00,0.8672,0.86721,0.86706,0.8672,242.97000300884247
2024-01-02 00:15:00,0.8672,0.8672,0.8671,0.8672,129.11000096797943
2024-01-02 00:20:00,0.8672,0.86735,0.8672,0.86723,141.67000102996826
2024-01-02 00:25:00,0.86723,0.86738,0.86723,0.86732,162.1900017261505
2024-01-02 00:30:00,0.86733,0.86742,0.86728,0.86742,223.13000202178955
2024-01-02 00:35:00,0.86742,0.86745,0.8673,0.86741,213.830002784729
2024-01-02 00:40:00,0.86741,0.86748,0.86737,0.86746,222.7600041627884
2024-01-02 00:45:00,0.86746,0.86749,0.86735,0.86741,264.66000413894653
2024-01-02 00:50:00,0.86741,0.86742,0.86731,0.86739,213.22000455856323
2024-01-02 00:55:00,0.8674,0.86744,0.86732,0.86744,240.19000267982483
2024-01-02 01:00:00,0.86744,0.86755,0.86739,0.8674,373.4700028896332
2024-01-02 01:05:00,0.8674,0.86754,0.86733,0.86752,366.1700026988983
2024-01-02 01:10:00,0.86751,0.86753,0.86746,0.8675,247.08000338077545
2024-01-02 01:15:00,0.8675,0.86755,0.86741,0.86754,314.54000556468964
2024-01-02 01:20:00,0.86754,0.86765,0.86748,0.86753,265.0600041151047
2024-01-02 01:25:00,0.86755,0.86756,0.86747,0.86751,319.96000945568085
2024-01-02 01:30:00,0.86752,0.86758,0.86742,0.8675,629.1800104379654
2024-01-02 01:35:00,0.8675,0.86762,0.86748,0.86753,466.28000354766846
2024-01-02 01:40:00,0.86752,0.86753,0.86748,0.86751,379.54000675678253
2024-01-02 01:45:00,0.86751,0.86757,0.86748,0.86754,322.4700036048889
2024-01-02 01:50:00,0.86755,0.86758,0.86753,0.86756,190.41000306606293
2024-01-02 01:55:00,0.86755,0.8676,0.86752,0.86754,231.62000238895416
2024-01-02 02:00:00,0.86753,0.86755,0.86728,0.86728,254.3300040960312
2024-01-02 02:05:00,0.86727,0.86735,0.86712,0.86712,285.9300035238266
2024-01-02 02:10:00,0.86714,0.86723,0.86701,0.86701,277.90000426769257
2024-01-02 02:15:00,0.86703,0.86703,0.8669,0.86693,251.70000231266022
2024-01-02 02:20:00,0.86692,0.86697,0.8668,0.8668,232.05000364780426
2024-01-02 02:25:00,0.8668,0.86686,0.86675,0.86679,201.17000484466553
2024-01-02 02:30:00,0.86679,0.86679,0.86665,0.86673,483.55001163482666
2024-01-02 02:35:00,0.86672,0.86719,0.86672,0.86707,476.5700079202652
2024-01-02 02:40:00,0.86707,0.86708,0.867,0.86708,287.770002245903
2024-01-02 02:45:00,0.86708,0.86713,0.86696,0.86701,267.6800023317337
2024-01-02 02:50:00,0.86703,0.86703,0.86686,0.86698,251.0100041627884
2024-01-02 02:55:00,0.86695,0.86701,0.86689,0.86693,473.07000732421875
2024-01-02 03:00:00,0.86693,0.86701,0.86689,0.86692,318.59000396728516
2024-01-02 03:05:00,0.86691,0.86694,0.86678,0.8668,252.19000375270844
2024-01-02 03:10:00,0.8668,0.8669,0.8668,0.86685,222.95000326633453
2024-01-02 03:15:00,0.86685,0.867,0.86685,0.867,224.5100064277649
2024-01-02 03:20:00,0.867,0.867,0.86692,0.86695,195.74000430107117
2024-01-02 03:25:00,0.86695,0.86695,0.86688,0.86692,239.63000786304474
2024-01-02 03:30:00,0.8669,0.86692,0.86687,0.86687,186.41000390052795
2024-01-02 03:35:00,0.86686,0.86687,0.86679,0.86684,280.1000040769577
2024-01-02 03:40:00,0.86684,0.86691,0.86683,0.86691,184.33000195026398
2024-01-02 03:45:00,0.8669,0.8669,0.86676,0.86682,166.4800009727478
2024-01-02 03:50:00,0.86682,0.86709,0.86682,0.86709,256.2600003480911
2024-01-02 03:55:00,0.8671,0.86714,0.86683,0.86685,298.56000530719757
2024-01-02 04:00:00,0.86685,0.86697,0.86681,0.86688,298.9400032758713
2024-01-02 04:05:00,0.86687,0.86692,0.86682,0.86686,148.25000143051147
2024-01-02 04:10:00,0.86685,0.86685,0.86677,0.86685,162.3800024986267
2024-01-02 04:15:00,0.86685,0.86697,0.86685,0.86687,144.60000264644623
2024-01-02 04:20:00,0.86688,0.8669,0.8668,0.86689,225.85000491142273
2024-01-02 04:25:00,0.86688,0.86688,0.86678,0.86682,155.6400021314621
2024-01-02 04:30:00,0.86681,0.86681,0.86668,0.86675,228.20000422000885
2024-01-02 04:35:00,0.86677,0.86679,0.86666,0.86668,96.09000134468079
2024-01-02 04:40:00,0.86668,0.86669,0.86665,0.86667,105.98000144958496
2024-01-02 04:45:00,0.86669,0.86675,0.86667,0.86673,117.95000207424164
2024-01-02 04:50:00,0.86673,0.86679,0.86669,0.86672,126.86000180244446
2024-01-02 04:55:00,0.86672,0.86687,0.86667,0.86685,352.250004529953
2024-01-02 05:00:00,0.86685,0.86689,0.86665,0.86671,435.2800062894821
2024-01-02 05:05:00,0.86674,0.86678,0.86673,0.86676,246.5400024652481
2024-01-02 05:10:00,0.86677,0.86678,0.86669,0.86672,408.45000672340393
2024-01-02 05:15:00,0.86671,0.86674,0.86667,0.8667,236.77000427246094
2024-01-02 05:20:00,0.86669,0.86674,0.86663,0.86666,282.17000436782837
2024-01-02 05:25:00,0.86666,0.8667,0.86662,0.86665,215.95000624656677
2024-01-02 05:30:00,0.86666,0.86672,0.86665,0.86669,250.64000606536865
2024-01-02 05:35:00,0.86669,0.8667,0.86657,0.86657,266.9100042581558
2024-01-02 05:40:00,0.86658,0.86659,0.86647,0.86653,180.5400035381317
2024-01-02 05:45:00,0.86654,0.86654,0.86615,0.86621,384.24000895023346
2024-01-02 05:50:00,0.86621,0.86621,0.86591,0.86593,323.2000060081482
2024-01-02 05:55:00,0.86592,0.86639,0.86592,0.86631,411.25000727176666
2024-01-02 06:00:00,0.86629,0.86654,0.86629,0.86653,293.0500054359436
2024-01-02 06:05:00,0.86654,0.8666,0.86644,0.86647,166.41000294685364
2024-01-02 06:10:00,0.86645,0.86648,0.86637,0.86641,183.25000369548798
2024-01-02 06:15:00,0.86642,0.86658,0.86642,0.86652,190.38000357151031
2024-01-02 06:20:00,0.86655,0.86655,0.86639,0.8664,273.4900085926056
2024-01-02 06:25:00,0.86639,0.86649,0.86637,0.86639,289.83000659942627
2024-01-02 06:30:00,0.8664,0.86644,0.86637,0.86643,297.4200028181076
2024-01-02 06:35:00,0.86642,0.86644,0.86637,0.86643,267.26000142097473
2024-01-02 06:40:00,0.86643,0.86655,0.8664,0.86653,242.5500020980835
2024-01-02 06:45:00,0.86653,0.86664,0.86643,0.86645,330.7100031375885
2024-01-02 06:50:00,0.86644,0.86645,0.86627,0.86634,316.6100060939789
2024-01-02 06:55:00,0.86635,0.86642,0.86629,0.86632,376.2100089788437
2024-01-02 07:00:00,0.86631,0.86633,0.86607,0.86626,571.1900116205215
2024-01-02 07:05:00,0.86626,0.8664,0.86604,0.86633,519.2600100040436
2024-01-02 07:10:00,0.86633,0.86637,0.86607,0.86609,460.94001030921936
2024-01-02 07:15:00,0.86608,0.8661,0.86572,0.86588,592.7800168991089
2024-01-02 07:20:00,0.86586,0.86632,0.8658,0.86627,514.000011920929
2024-01-02 07:25:00,0.86628,0.86647,0.8662,0.86643,550.0500124692917
2024-01-02 07:30:00,0.86642,0.86642,0.86608,0.86627,758.1200226545334
2024-01-02 07:35:00,0.86628,0.86642,0.86607,0.86628,703.6100188493729
2024-01-02 07:40:00,0.86628,0.86633,0.86613,0.86621,681.5300158262253
2024-01-02 07:45:00,0.86622,0.86635,0.86606,0.86621,897.6200143098831
2024-01-02 07:50:00,0.8662,0.86622,0.86563,0.86577,1352.1500216722488
2024-01-02 07:55:00,0.86577,0.86586,0.86512,0.8652,1584.0500346422195
2024-01-02 08:00:00,0.86523,0.86564,0.86488,0.86499,1987.390041589737
2024-01-02 08:05:00,0.865,0.86529,0.86466,0.86488,1406.0200452804565
2024-01-02 08:10:00,0.86489,0.86529,0.86483,0.86483,1482.4300285577774
2024-01-02 08:15:00,0.86484,0.86527,0.86475,0.86499,1449.1300251483917
2024-01-02 08:20:00,0.865,0.8653,0.86499,0.86508,1155.7800207138062
2024-01-02 08:25:00,0.86509,0.86526,0.86507,0.86513,799.270023226738
2024-01-02 08:30:00,0.86513,0.86525,0.86499,0.86507,798.6600230932236
2024-01-02 08:35:00,0.86507,0.86538,0.86506,0.86525,966.620025396347
2024-01-02 08:40:00,0.86524,0.8654,0.86516,0.86518,615.390015244484
2024-01-02 08:45:00,0.86518,0.86521,0.86485,0.86509,912.5100181102753
2024-01-02 08:50:00,0.86511,0.86532,0.86505,0.86505,1188.2400259971619
2024-01-02 08:55:00,0.86507,0.86523,0.86464,0.86517,1041.0500198602676
2024-01-02 09:00:00,0.86518,0.86542,0.86498,0.86542,863.3000228404999
2024-01-02 09:05:00,0.86542,0.86563,0.86528,0.86534,553.300012588501
2024-01-02 09:10:00,0.86533,0.86554,0.8653,0.86544,889.1500210762024
2024-01-02 09:15:00,0.86546,0.86566,0.86544,0.86561,695.0900156497955
2024-01-02 09:20:00,0.86564,0.86582,0.86564,0.86582,603.9200152158737
2024-01-02 09:25:00,0.86585,0.86595,0.86562,0.86577,767.1200151443481
2024-01-02 09:30:00,0.86576,0.86585,0.86554,0.8656,877.6400181055069
2024-01-02 09:35:00,0.86561,0.86598,0.86556,0.86592,961.6000250577927
2024-01-02 09:40:00,0.86593,0.86618,0.86579,0.8659,885.6000216007233
2024-01-02 09:45:00,0.86588,0.866,0.86571,0.86586,1364.5800306797028
2024-01-02 09:50:00,0.86586,0.86604,0.86577,0.86591,890.3000206947327
2024-01-02 09:55:00,0.86592,0.86617,0.86588,0.86614,756.4600200653076
2024-01-02 10:00:00,0.86614,0.86634,0.86601,0.86605,1123.5900229215622
2024-01-02 10:05:00,0.86606,0.86612,0.86576,0.8658,1085.7500191926956
2024-01-02 10:10:00,0.86581,0.86603,0.86563,0.86572,1266.5500313043594
2024-01-02 10:15:00,0.86573,0.86588,0.86552,0.86581,1324.3800376653671
2024-01-02 10:20:00,0.8658,0.86597,0.86575,0.86594,832.1200239658356
2024-01-02 10:25:00,0.86594,0.86597,0.86565,0.86584,980.4700232744217
2024-01-02 10:30:00,0.86584,0.86593,0.86573,0.86588,727.6300143003464
2024-01-02 10:35:00,0.86589,0.86608,0.86588,0.86607,748.7300122976303
2024-01-02 10:40:00,0.86606,0.86662,0.86601,0.86645,1117.6300117969513
2024-01-02 10:45:00,0.86645,0.86667,0.86639,0.86665,993.97001516819
2024-01-02 10:50:00,0.86664,0.86687,0.86652,0.86658,935.9000135660172
2024-01-02 10:55:00,0.86658,0.8672,0.86651,0.86713,1647.6300241947174
2024-01-02 11:00:00,0.86711,0.86777,0.8671,0.86758,1715.5500297546387
2024-01-02 11:05:00,0.86756,0.86774,0.86741,0.86773,1427.7500245571136
2024-01-02 11:10:00,0.86773,0.86793,0.86746,0.86746,1550.8000252246857
2024-01-02 11:15:00,0.86745,0.86762,0.86686,0.86689,1569.3900307416916
2024-01-02 11:20:00,0.86691,0.86692,0.86635,0.86642,1698.9000200033188
2024-01-02 11:25:00,0.86641,0.8665,0.866,0.86645,1383.1300233602524
2024-01-02 11:30:00,0.86644,0.8665,0.86616,0.86649,908.9000191688538
2024-01-02 11:35:00,0.86648,0.86656,0.8662,0.86641,1011.6600247621536
2024-01-02 11:40:00,0.86642,0.86675,0.86633,0.86674,584.1800174713135
2024-01-02 11:45:00,0.86678,0.86691,0.86651,0.8666,1192.5000275373459
2024-01-02 11:50:00,0.86661,0.86684,0.86645,0.8666,636.000017285347
2024-01-02 11:55:00,0.8666,0.86677,0.86626,0.86631,1251.2300301790237
2024-01-02 12:00:00,0.86632,0.8669,0.86627,0.86677,788.4700213670731
2024-01-02 12:05:00,0.86675,0.86696,0.86667,0.86676,992.720019698143
2024-01-02 12:10:00,0.86674,0.86678,0.86649,0.8667,982.0400204658508
2024-01-02 12:15:00,0.86671,0.86674,0.86631,0.86633,856.850020647049
2024-01-02 12:20:00,0.86631,0.8664,0.86613,0.8664,1281.9800279140472
2024-01-02 12:25:00,0.86638,0.86643,0.86617,0.86627,893.790022611618
2024-01-02 12:30:00,0.86627,0.8665,0.86626,0.86644,600.9300163984299
2024-01-02 12:35:00,0.86645,0.86667,0.86628,0.86653,1032.0200276374817
2024-01-02 12:40:00,0.86655,0.86667,0.86646,0.86664,776.640018582344
2024-01-02 12:45:00,0.86665,0.86686,0.86665,0.86676,722.6300181150436
2024-01-02 12:50:00,0.86672,0.86677,0.86652,0.86673,867.1500234603882
2024-01-02 12:55:00,0.86672,0.86692,0.86642,0.86642,1123.6300247907639
2024-01-02 13:00:00,0.86639,0.8665,0.86621,0.8664,974.4100214242935
2024-01-02 13:05:00,0.86642,0.86659,0.86635,0.86647,620.2900136709213
2024-01-02 13:10:00,0.86645,0.86679,0.86645,0.86665,712.0600162744522
2024-01-02 13:15:00,0.86665,0.86697,0.86658,0.86692,824.7300186157227
2024-01-02 13:20:00,0.86691,0.86709,0.86682,0.86695,850.7000250816345
2024-01-02 13:25:00,0.86695,0.86718,0.86694,0.86699,773.3600188493729
2024-01-02 13:30:00,0.86701,0.86706,0.86686,0.86701,907.9900218248367
2024-01-02 13:35:00,0.86699,0.86756,0.86698,0.86754,741.2400172948837
2024-01-02 13:40:00,0.86754,0.86765,0.86735,0.8676,1117.8000197410583
2024-01-02 13:45:00,0.86761,0.86765,0.86741,0.86757,751.8300153017044
2024-01-02 13:50:00,0.86757,0.86772,0.86727,0.86744,1126.8800247907639
2024-01-02 13:55:00,0.86742,0.86742,0.86713,0.86724,821.5600222349167
2024-01-02 14:00:00,0.86728,0.86739,0.86698,0.86702,1246.9000310897827
2024-01-02 14:05:00,0.86701,0.86726,0.86694,0.86699,751.3100177049637
2024-01-02 14:10:00,0.867,0.86729,0.86698,0.86709,827.1900225877762
2024-01-02 14:15:00,0.86709,0.86725,0.86706,0.86712,1062.4800276756287
2024-01-02 14:20:00,0.86712,0.86717,0.86663,0.86691,997.080029964447
2024-01-02 14:25:00,0.86691,0.867,0.86667,0.86679,1015.8900213241577
2024-01-02 14:30:00,0.8668,0.86685,0.86654,0.86664,1408.8200355768204
2024-01-02 14:35:00,0.86663,0.8671,0.86661,0.86708,1068.5400249958038
2024-01-02 14:40:00,0.86706,0.86744,0.86696,0.8672,1361.0700311660767
2024-01-02 14:45:00,0.86722,0.86754,0.86715,0.86725,2318.3000581264496
2024-01-02 14:50:00,0.86726,0.86761,0.86717,0.8676,1329.520035982132
2024-01-02 14:55:00,0.86761,0.86819,0.86757,0.86818,1468.5400342941284
2024-01-02 15:00:00,0.86821,0.86827,0.8678,0.8679,1587.69003367424
2024-01-02 15:05:00,0.86792,0.86817,0.86787,0.86806,1346.050029873848
2024-01-02 15:10:00,0.86805,0.86826,0.86781,0.86807,1355.6400334835052
2024-01-02 15:15:00,0.86807,0.8683,0.86806,0.86818,1127.5900262594223
2024-01-02 15:20:00,0.8682,0.86831,0.86774,0.86786,862.1800178289413
2024-01-02 15:25:00,0.86787,0.86801,0.86778,0.86798,1339.860030412674
2024-01-02 15:30:00,0.86799,0.8682,0.8678,0.8678,1027.82002556324
2024-01-02 15:35:00,0.86782,0.86814,0.86776,0.86801,1642.8900349140167
2024-01-02 15:40:00,0.86804,0.86818,0.86784,0.86814,1457.7400336265564
2024-01-02 15:45:00,0.86813,0.86817,0.86764,0.86794,1127.6600269079208
2024-01-02 15:50:00,0.86796,0.86803,0.86744,0.86746,1331.900032401085
2024-01-02 15:55:00,0.86747,0.86758,0.86674,0.86687,1907.4900434017181
2024-01-02 16:00:00,0.86686,0.86735,0.86683,0.86733,1315.0500280857086
2024-01-02 16:05:00,0.86735,0.8674,0.86716,0.86738,1069.6700259447098
2024-01-02 16:10:00,0.86737,0.86764,0.86724,0.86758,1059.7900269031525
2024-01-02 16:15:00,0.86759,0.86779,0.86749,0.86772,685.1100180149078
2024-01-02 16:20:00,0.86769,0.86813,0.86761,0.86798,742.8000217676163
2024-01-02 16:25:00,0.86797,0.86821,0.86791,0.86806,693.080019235611
2024-01-02 16:30:00,0.86807,0.86809,0.86782,0.86787,604.9000171422958
2024-01-02 16:35:00,0.86786,0.868,0.8678,0.86799,665.140021443367
2024-01-02 16:40:00,0.86804,0.86819,0.86757,0.8677,580.3000141382217
2024-01-02 16:45:00,0.86771,0.86788,0.86757,0.86784,714.6700211763382
2024-01-02 16:50:00,0.86783,0.86786,0.86761,0.86767,479.3100121021271
2024-01-02 16:55:00,0.86767,0.8677,0.86746,0.86754,482.8900113105774
2024-01-02 17:00:00,0.86755,0.86756,0.86728,0.8674,451.2300099134445
2024-01-02 17:05:00,0.86741,0.86742,0.86723,0.86741,317.47001004219055
2024-01-02 17:10:00,0.86739,0.86746,0.86706,0.86718,627.1000173091888
2024-01-02 17:15:00,0.86717,0.86727,0.86707,0.8672,522.590010881424
2024-01-02 17:20:00,0.86719,0.86723,0.86704,0.86718,538.8300131559372
2024-01-02 17:25:00,0.86719,0.86726,0.86714,0.8672,447.5200103521347
2024-01-02 17:30:00,0.86722,0.86725,0.86699,0.86702,460.67001020908356
2024-01-02 17:35:00,0.86703,0.86708,0.86695,0.86696,376.9000121355057
2024-01-02 17:40:00,0.86695,0.86702,0.86687,0.86687,456.9000116586685
2024-01-02 17:45:00,0.86688,0.86699,0.86682,0.86685,480.50001633167267
2024-01-02 17:50:00,0.86685,0.86703,0.86684,0.86694,676.6900207996368
2024-01-02 17:55:00,0.86694,0.86699,0.86683,0.86685,734.1200193166733
2024-01-02 18:00:00,0.86686,0.86713,0.86677,0.86712,430.3800084590912
2024-01-02 18:05:00,0.86711,0.86729,0.86705,0.86711,233.92000448703766
2024-01-02 18:10:00,0.86712,0.86733,0.86706,0.86721,343.5000078678131
2024-01-02 18:15:00,0.86722,0.86729,0.86717,0.86718,253.30000638961792
2024-01-02 18:20:00,0.86721,0.86726,0.86715,0.86717,116.74000406265259
2024-01-02 18:25:00,0.86714,0.86725,0.86714,0.86721,305.7700091600418
2024-01-02 18:30:00,0.86722,0.86733,0.86722,0.86728,127.31000447273254
2024-01-02 18:35:00,0.86728,0.8673,0.86719,0.86724,231.26000607013702
2024-01-02 18:40:00,0.86723,0.86724,0.86706,0.8671,206.39000499248505
2024-01-02 18:45:00,0.8671,0.86713,0.86701,0.86712,270.09000623226166
2024-01-02 18:50:00,0.86713,0.86715,0.86703,0.86707,258.6500062942505
2024-01-02 18:55:00,0.86708,0.8671,0.86702,0.86705,501.52001190185547
2024-01-02 19:00:00,0.86708,0.86718,0.86708,0.86714,430.7000113725662
2024-01-02 19:05:00,0.86714,0.86721,0.86711,0.86719,215.110004901886
2024-01-02 19:10:00,0.86719,0.86724,0.86714,0.86718,254.96000802516937
2024-01-02 19:15:00,0.86718,0.86724,0.86707,0.86711,335.7100076675415
2024-01-02 19:20:00,0.86711,0.86733,0.86711,0.86732,262.1100046634674
2024-01-02 19:25:00,0.8673,0.86732,0.86723,0.86725,251.97000515460968
2024-01-02 19:30:00,0.86724,0.86728,0.86715,0.86721,313.14000630378723
2024-01-02 19:35:00,0.86721,0.8673,0.86717,0.86725,301.8900091648102
2024-01-02 19:40:00,0.86725,0.86729,0.86714,0.86715,297.12000954151154
2024-01-02 19:45:00,0.86716,0.86734,0.86714,0.86725,465.12001156806946
2024-01-02 19:50:00,0.86724,0.86731,0.86724,0.8673,249.79000735282898
2024-01-02 19:55:00,0.8673,0.8674,0.86723,0.8674,518.5400156974792
2024-01-02 20:00:00,0.86739,0.86744,0.86723,0.86731,416.75001406669617
2024-01-02 20:05:00,0.8673,0.86736,0.86727,0.86736,312.0100098848343
2024-01-02 20:10:00,0.86735,0.86741,0.86728,0.86729,367.65001142024994
2024-01-02 20:15:00,0.8673,0.86735,0.86724,0.86732,451.80001389980316
2024-01-02 20:20:00,0.86732,0.86736,0.86727,0.86732,371.79001021385193
2024-01-02 20:25:00,0.86732,0.86737,0.8673,0.86733,342.09001100063324
2024-01-02 20:30:00,0.86733,0.86736,0.86722,0.86732,318.51001024246216
2024-01-02 20:35:00,0.86732,0.86735,0.86727,0.86733,333.8700097799301
2024-01-02 20:40:00,0.86735,0.86747,0.86735,0.86746,160.38000428676605
2024-01-02 20:45:00,0.86747,0.86751,0.86739,0.86739,183.56000447273254
2024-01-02 20:50:00,0.86738,0.86746,0.86731,0.86743,782.2400178909302
2024-01-02 20:55:00,0.86743,0.86746,0.86729,0.86732,597.3500118479133
2024-01-02 21:00:00,0.86732,0.86738,0.8672,0.86722,506.5899926647544
2024-01-02 21:05:00,0.86722,0.86726,0.86714,0.86716,245.21000492572784
2024-01-02 21:10:00,0.86716,0.86718,0.86702,0.86708,215.32000517845154
2024-01-02 21:15:00,0.86707,0.86713,0.86704,0.86708,193.9100044965744
2024-01-02 21:20:00,0.86709,0.86715,0.86704,0.86705,206.97000408172607
2024-01-02 21:25:00,0.86705,0.86708,0.86696,0.86696,312.70000422000885
2024-01-02 21:30:00,0.86698,0.867,0.86689,0.86689,146.76000368595123
2024-01-02 21:35:00,0.8669,0.86699,0.86688,0.86693,174.16000425815582
2024-01-02 21:40:00,0.86692,0.86705,0.86692,0.86698,143.6000040769577
2024-01-02 21:45:00,0.86701,0.86713,0.86701,0.86708,166.11000406742096
2024-01-02 21:50:00,0.86707,0.86711,0.86701,0.86709,149.61000227928162
2024-01-02 21:55:00,0.86714,0.86724,0.86709,0.86722,352.29000291228294
2024-01-02 22:00:00,0.86763,0.86819,0.86758,0.86799,27.870000332593918
2024-01-02 22:05:00,0.86796,0.86801,0.86737,0.86768,442.35000374913216
2024-01-02 22:10:00,0.86771,0.86771,0.86736,0.86748,422.3700085878372
2024-01-02 22:15:00,0.86748,0.86761,0.86725,0.86755,595.8700128793716
2024-01-02 22:20:00,0.86759,0.86763,0.86736,0.86745,588.3800095319748
2024-01-02 22:25:00,0.86746,0.86748,0.86707,0.86714,1120.4100029468536
2024-01-02 22:30:00,0.86713,0.86724,0.86707,0.86711,432.21000695228577
2024-01-02 22:35:00,0.8671,0.86717,0.86695,0.86715,678.8000183105469
2024-01-02 22:40:00,0.86712,0.86725,0.86712,0.86714,792.9000211954117
2024-01-02 22:45:00,0.86722,0.86725,0.86714,0.86715,249.74000370502472
2024-01-02 22:50:00,0.86716,0.86733,0.86701,0.86731,1019.5100274085999
2024-01-02 22:55:00,0.86732,0.86733,0.86709,0.86718,603.4300144910812
2024-01-02 23:00:00,0.86718,0.86726,0.86707,0.86718,536.1600056886673
2024-01-02 23:05:00,0.8672,0.86725,0.86711,0.86713,139.92000365257263
2024-01-02 23:10:00,0.86713,0.86717,0.86707,0.86709,147.1400055885315
2024-01-02 23:15:00,0.86708,0.86708,0.867,0.86703,94.12000334262848
2024-01-02 23:20:00,0.86705,0.86705,0.867,0.86702,64.95000207424164
2024-01-02 23:25:00,0.86701,0.86702,0.86691,0.86692,117.75000381469727
2024-01-02 23:30:00,0.86692,0.867,0.8669,0.86698,191.0200036764145
2024-01-02 23:35:00,0.86698,0.86703,0.86698,0.86703,88.19000267982483
2024-01-02 23:40:00,0.86701,0.86702,0.86689,0.8669,208.2100044488907
2024-01-02 23:45:00,0.8669,0.86696,0.8669,0.86694,65.00000059604645
2024-01-02 23:50:00,0.86693,0.86697,0.86686,0.8669,192.96000492572784
2024-01-02 23:55:00,0.86692,0.86697,0.86685,0.86689,246.43000483512878
2024-01-03 00:00:00,0.86692,0.86706,0.86687,0.86702,456.090011715889
2024-01-03 00:05:00,0.867,0.86702,0.86692,0.86694,251.98000824451447
2024-01-03 00:10:00,0.86695,0.86699,0.86691,0.86697,286.90001010894775
2024-01-03 00:15:00,0.86697,0.86704,0.86694,0.867,185.5800062417984
2024-01-03 00:20:00,0.867,0.86702,0.86693,0.86695,316.1600080728531
2024-01-03 00:25:00,0.86696,0.86705,0.86693,0.86696,265.11000883579254
2024-01-03 00:30:00,0.867,0.867,0.8669,0.86699,304.9100087881088
2024-01-03 00:35:00,0.86699,0.86701,0.86688,0.86693,292.1700049638748
2024-01-03 00:40:00,0.86691,0.86692,0.86682,0.86691,344.6300081014633
2024-01-03 00:45:00,0.8669,0.867,0.8669,0.867,226.9700049161911
2024-01-03 00:50:00,0.867,0.867,0.86687,0.86689,219.39000463485718
2024-01-03 00:55:00,0.86688,0.86695,0.86687,0.86691,288.2100076675415
2024-01-03 01:00:00,0.8669,0.86697,0.86681,0.8669,419.7100096940994
2024-01-03 01:05:00,0.86689,0.86696,0.86688,0.86689,437.6600071191788
2024-01-03 01:10:00,0.86688,0.86696,0.86688,0.86694,329.74000811576843
2024-01-03 01:15:00,0.86694,0.86704,0.86686,0.86691,512.9000110626221
2024-01-03 01:20:00,0.86692,0.8671,0.86692,0.8671,307.8000075817108
2024-01-03 01:25:00,0.8671,0.86715,0.86703,0.86711,539.6500151157379
2024-01-03 01:30:00,0.86712,0.86726,0.86704,0.86726,341.4800114631653
2024-01-03 01:35:00,0.86726,0.86734,0.86722,0.86724,283.8500062227249
2024-01-03 01:40:00,0.86723,0.86742,0.86716,0.8674,341.990007519722
2024-01-03 01:45:00,0.8674,0.86746,0.86722,0.86729,316.2800065279007
2024-01-03 01:50:00,0.86729,0.86729,0.86712,0.86713,199.77000403404236
2024-01-03 01:55:00,0.86712,0.86723,0.86708,0.8672,247.29000580310822
2024-01-03 02:00:00,0.8672,0.86732,0.86717,0.86719,272.94000697135925
2024-01-03 02:05:00,0.86718,0.86722,0.86715,0.86719,305.2200081348419
2024-01-03 02:10:00,0.86722,0.86724,0.86713,0.86713,207.85000574588776
2024-01-03 02:15:00,0.86714,0.8672,0.86711,0.86712,226.20000648498535
2024-01-03 02:20:00,0.86712,0.86717,0.86706,0.86709,235.7400050163269
2024-01-03 02:25:00,0.86709,0.86715,0.86707,0.86712,178.8800036907196
2024-01-03 02:30:00,0.86712,0.86717,0.86709,0.86712,159.870001912117
2024-01-03 02:35:00,0.86712,0.86722,0.86711,0.8672,225.73000180721283
2024-01-03 02:40:00,0.8672,0.86721,0.86714,0.86719,170.3500028848648
2024-01-03 02:45:00,0.86718,0.86725,0.86717,0.86719,218.23000502586365
2024-01-03 02:50:00,0.86719,0.86724,0.86715,0.86724,186.36000072956085
2024-01-03 02:55:00,0.86724,0.86735,0.86724,0.8673,359.38000559806824
2024-01-03 03:00:00,0.86728,0.86728,0.86715,0.86718,215.7000036239624
2024-01-03 03:05:00,0.86717,0.86728,0.86709,0.86712,411.94000685214996
2024-01-03 03:10:00,0.86711,0.86717,0.86697,0.86698,347.2400053739548
2024-01-03 03:15:00,0.86699,0.86705,0.86694,0.86701,278.5500079393387
2024-01-03 03:20:00,0.86703,0.86712,0.86696,0.86712,196.53000557422638
2024-01-03 03:25:00,0.86711,0.86718,0.86707,0.86716,260.1700052022934
2024-01-03 03:30:00,0.86716,0.86716,0.86704,0.86705,330.93000769615173
2024-01-03 03:35:00,0.86706,0.86728,0.86705,0.86723,469.69001054763794
2024-01-03 03:40:00,0.86723,0.86733,0.86723,0.86727,315.1000076532364
2024-01-03 03:45:00,0.86728,0.86741,0.86725,0.86727,360.0400069952011
2024-01-03 03:50:00,0.86727,0.86729,0.86717,0.86719,418.80000722408295
2024-01-03 03:55:00,0.86718,0.86718,0.86711,0.86716,428.13000762462616
2024-01-03 04:00:00,0.86714,0.86726,0.86713,0.86723,254.63000559806824
2024-01-03 04:05:00,0.86722,0.86724,0.86709,0.8671,165.19000256061554
2024-01-03 04:10:00,0.86711,0.86719,0.8671,0.86716,386.3600050210953
2024-01-03 04:15:00,0.86718,0.8673,0.86716,0.86728,395.13000416755676
2024-01-03 04:20:00,0.86727,0.86733,0.86722,0.86722,286.8300042152405
2024-01-03 04:25:00,0.86724,0.86732,0.86723,0.86724,154.23000276088715
2024-01-03 04:30:00,0.86725,0.86728,0.86722,0.86727,147.97000181674957
2024-01-03 04:35:00,0.86728,0.86729,0.86719,0.86719,183.58000195026398
2024-01-03 04:40:00,0.86719,0.86724,0.86717,0.8672,219.9300035238266
2024-01-03 04:45:00,0.8672,0.86724,0.8672,0.86721,137.8600014448166
2024-01-03 04:50:00,0.8672,0.8672,0.86716,0.86718,132.74000370502472
2024-01-03 04:55:00,0.86717,0.86724,0.86716,0.86722,223.62000596523285
2024-01-03 05:00:00,0.86724,0.86728,0.86722,0.86726,377.65000689029694
2024-01-03 05:05:00,0.86727,0.86728,0.86719,0.86725,163.97000360488892
2024-01-03 05:10:00,0.86725,0.86733,0.86725,0.86731,163.2300032377243
2024-01-03 05:15:00,0.8673,0.86733,0.86723,0.86727,228.36000788211823
2024-01-03 05:20:00,0.86728,0.86736,0.86726,0.86733,235.44000697135925
2024-01-03 05:25:00,0.86732,0.86736,0.86718,0.86723,260.0600085258484
2024-01-03 05:30:00,0.86724,0.86729,0.86714,0.86728,231.34000480175018
2024-01-03 05:35:00,0.86724,0.86732,0.86721,0.86731,322.4500057697296
2024-01-03 05:40:00,0.8673,0.86734,0.86725,0.8673,361.570005774498
2024-01-03 05:45:00,0.86731,0.86734,0.86724,0.86724,246.4400030374527
2024-01-03 05:50:00,0.86724,0.86727,0.86712,0.86718,356.4300057888031
2024-01-03 05:55:00,0.8672,0.86725,0.86708,0.86709,492.64000952243805
2024-01-03 06:00:00,0.86709,0.86723,0.86708,0.86722,330.5800087451935
2024-01-03 06:05:00,0.86722,0.86722,0.86705,0.86705,296.75000953674316
2024-01-03 06:10:00,0.86705,0.86712,0.86701,0.86707,222.02000629901886
2024-01-03 06:15:00,0.86706,0.86715,0.86702,0.86712,307.21000599861145
2024-01-03 06:20:00,0.86712,0.86717,0.86707,0.8671,299.45000541210175
2024-01-03 06:25:00,0.8671,0.86713,0.86699,0.86703,485.5300086736679
2024-01-03 06:30:00,0.86703,0.86708,0.86692,0.86693,362.5400059223175
2024-01-03 06:35:00,0.86692,0.86694,0.86688,0.86689,298.7200084924698
2024-01-03 06:40:00,0.86688,0.86691,0.86683,0.86686,263.4900064468384
2024-01-03 06:45:00,0.86686,0.86689,0.86678,0.86679,292.17000663280487
2024-01-03 06:50:00,0.8668,0.86686,0.86673,0.86674,508.380007147789
2024-01-03 06:55:00,0.86675,0.86686,0.86673,0.86679,349.35000479221344
2024-01-03 07:00:00,0.86678,0.86708,0.86676,0.86708,1126.6800265312195
2024-01-03 07:05:00,0.86707,0.86728,0.86707,0.8672,648.1000182628632
2024-01-03 07:10:00,0.86722,0.86732,0.86715,0.86729,716.9300235509872
2024-01-03 07:15:00,0.86729,0.8676,0.86728,0.86756,753.8500208854675
2024-01-03 07:20:00,0.86755,0.86763,0.86729,0.86759,834.8400193452835
2024-01-03 07:25:00,0.86759,0.8677,0.86734,0.86735,527.8900104761124
2024-01-03 07:30:00,0.86736,0.86753,0.86727,0.86727,953.9000209569931
2024-01-03 07:35:00,0.86727,0.86757,0.86723,0.86728,757.6200193166733
2024-01-03 07:40:00,0.8673,0.86742,0.86701,0.86738,689.8900134563446
2024-01-03 07:45:00,0.86738,0.8674,0.86712,0.86713,665.3700174093246
2024-01-03 07:50:00,0.86715,0.86739,0.86712,0.86728,568.9400105476379
2024-01-03 07:55:00,0.86728,0.86729,0.86682,0.86694,1084.2300231456757
2024-01-03 08:00:00,0.86694,0.8673,0.86689,0.86721,1495.930032134056
2024-01-03 08:05:00,0.86721,0.86725,0.86708,0.86712,726.490015745163
2024-01-03 08:10:00,0.86714,0.86733,0.86684,0.86687,1020.200025677681
2024-01-03 08:15:00,0.86687,0.86694,0.86655,0.86673,989.7900233268738
2024-01-03 08:20:00,0.86674,0.86684,0.86645,0.86648,989.6200236082077
2024-01-03 08:25:00,0.86645,0.86659,0.86623,0.86627,1149.0700266361237
2024-01-03 08:30:00,0.86628,0.86628,0.86597,0.86613,926.9900232553482
2024-01-03 08:35:00,0.86614,0.86657,0.86614,0.8665,1155.700024843216
2024-01-03 08:40:00,0.8665,0.86678,0.86648,0.86657,1000.630020737648
2024-01-03 08:45:00,0.86657,0.86662,0.86631,0.86643,795.4300200939178
2024-01-03 08:50:00,0.86641,0.86641,0.86617,0.86627,774.9700176715851
2024-01-03 08:55:00,0.86626,0.86649,0.86623,0.86643,610.260011434555
2024-01-03 09:00:00,0.86643,0.86646,0.86623,0.86639,728.3000175952911
2024-01-03 09:05:00,0.86637,0.86672,0.86634,0.86658,587.8600121736526
2024-01-03 09:10:00,0.86657,0.86657,0.86618,0.86622,902.330023765564
2024-01-03 09:15:00,0.86621,0.86631,0.866,0.8662,1150.5700266361237
2024-01-03 09:20:00,0.8662,0.8662,0.86597,0.86602,795.7100174427032
2024-01-03 09:25:00,0.86602,0.8661,0.86595,0.86604,883.380019903183
2024-01-03 09:30:00,0.86603,0.86632,0.86603,0.86611,632.0300153493881
2024-01-03 09:35:00,0.8661,0.86627,0.866,0.86604,839.1800191402435
2024-01-03 09:40:00,0.86605,0.86612,0.86575,0.8658,861.8800179958344
2024-01-03 09:45:00,0.8658,0.86602,0.86573,0.86578,929.7600182294846
2024-01-03 09:50:00,0.8658,0.86616,0.86579,0.86609,566.38001537323
2024-01-03 09:55:00,0.86608,0.86617,0.86603,0.86607,567.9600124359131
2024-01-03 10:00:00,0.86606,0.86619,0.86594,0.86596,644.5600166320801
2024-01-03 10:05:00,0.86594,0.86601,0.86587,0.86601,579.6600134372711
2024-01-03 10:10:00,0.86601,0.86605,0.86595,0.86601,465.59001326560974
2024-01-03 10:15:00,0.86602,0.86603,0.86575,0.86575,663.5100150108337
2024-01-03 10:20:00,0.86576,0.86593,0.8657,0.86592,607.9800155162811
2024-01-03 10:25:00,0.86591,0.86596,0.86584,0.86591,568.5100120306015
2024-01-03 10:30:00,0.86591,0.86603,0.86566,0.86567,700.9600137472153
2024-01-03 10:35:00,0.86569,0.86569,0.86527,0.86549,1062.8300186395645
2024-01-03 10:40:00,0.86549,0.86577,0.86546,0.86569,641.3100152015686
2024-01-03 10:45:00,0.8657,0.86598,0.86569,0.86598,578.1800129413605
2024-01-03 10:50:00,0.866,0.86619,0.86597,0.86611,610.5000141859055
2024-01-03 10:55:00,0.8661,0.86612,0.86543,0.8655,647.7000126838684
2024-01-03 11:00:00,0.86549,0.86555,0.86499,0.86501,916.2900233268738
2024-01-03 11:05:00,0.86503,0.8653,0.86499,0.86507,849.7000197172165
2024-01-03 11:10:00,0.86506,0.8651,0.86485,0.86485,788.4500179290771
2024-01-03 11:15:00,0.86487,0.86514,0.86487,0.8651,727.9900163412094
2024-01-03 11:20:00,0.86511,0.86554,0.86511,0.86554,537.3200122117996
2024-01-03 11:25:00,0.86554,0.86554,0.8653,0.86533,446.46000933647156
2024-01-03 11:30:00,0.86534,0.86538,0.86518,0.86525,685.2300155162811
2024-01-03 11:35:00,0.86526,0.86534,0.86491,0.86498,1012.6400220394135
2024-01-03 11:40:00,0.86496,0.86511,0.86471,0.86484,1222.290025472641
2024-01-03 11:45:00,0.86482,0.86504,0.86474,0.86491,856.2800184488297
2024-01-03 11:50:00,0.8649,0.86495,0.86457,0.86465,766.2100158929825
2024-01-03 11:55:00,0.86465,0.86493,0.86463,0.86485,772.5400167703629
2024-01-03 12:00:00,0.86484,0.86508,0.86477,0.86478,930.9600214958191
2024-01-03 12:05:00,0.86477,0.86489,0.86467,0.86489,798.5300176143646
2024-01-03 12:10:00,0.86489,0.86497,0.86468,0.86495,886.1300141811371
2024-01-03 12:15:00,0.86494,0.86516,0.86487,0.865,739.3300157785416
2024-01-03 12:20:00,0.86502,0.86537,0.86478,0.86532,1084.8600260019302
2024-01-03 12:25:00,0.86535,0.8655,0.86534,0.86538,684.3400142192841
2024-01-03 12:30:00,0.86537,0.86541,0.86525,0.8653,586.1300150156021
2024-01-03 12:35:00,0.86528,0.86534,0.86509,0.86523,1020.3600113391876
2024-01-03 12:40:00,0.86523,0.86538,0.86507,0.86507,932.4500198364258
2024-01-03 12:45:00,0.86507,0.86524,0.86506,0.86519,842.0400139093399
2024-01-03 12:50:00,0.86519,0.8652,0.86497,0.86507,977.240009188652
2024-01-03 12:55:00,0.86505,0.86508,0.8645,0.86476,1168.210015296936
2024-01-03 13:00:00,0.86476,0.86493,0.86462,0.86491,1174.5600165128708
2024-01-03 13:05:00,0.8649,0.86493,0.86465,0.86478,964.2600140571594
2024-01-03 13:10:00,0.8648,0.86487,0.86471,0.86476,927.4200080633163
2024-01-03 13:15:00,0.86477,0.86477,0.86447,0.86472,1115.8800121545792
2024-01-03 13:20:00,0.86469,0.86481,0.86459,0.86474,1148.4500252008438
2024-01-03 13:25:00,0.86474,0.86482,0.86451,0.86453,1104.2800246477127
2024-01-03 13:30:00,0.8645,0.86478,0.86435,0.86464,1255.7700276374817
2024-01-03 13:35:00,0.86462,0.86468,0.86444,0.86465,871.1400192975998
2024-01-03 13:40:00,0.86463,0.86472,0.86427,0.86431,1192.6300256252289
2024-01-03 13:45:00,0.86432,0.86459,0.86422,0.86443,1098.060024380684
2024-01-03 13:50:00,0.86444,0.86471,0.86441,0.86469,1282.3600269556046
2024-01-03 13:55:00,0.86471,0.86485,0.86464,0.86478,1009.1000238656998
2024-01-03 14:00:00,0.8648,0.86505,0.86478,0.86485,1178.9800288677216
2024-01-03 14:05:00,0.86484,0.86499,0.86471,0.86495,1059.1200263500214
2024-01-03 14:10:00,0.86494,0.865,0.86478,0.8649,691.2400155067444
2024-01-03 14:15:00,0.86492,0.86494,0.8647,0.86479,971.3100272417068
2024-01-03 14:20:00,0.86478,0.8648,0.8646,0.86469,989.2300244569778
2024-01-03 14:25:00,0.86467,0.86482,0.86451,0.86453,701.8200168609619
2024-01-03 14:30:00,0.86452,0.86467,0.86434,0.86448,1495.6800310611725
2024-01-03 14:35:00,0.86448,0.86469,0.86429,0.86444,1257.3100308179855
2024-01-03 14:40:00,0.86443,0.86463,0.86442,0.86459,876.7400217056274
2024-01-03 14:45:00,0.8646,0.86461,0.86434,0.86443,850.0700179338455
2024-01-03 14:50:00,0.86444,0.86448,0.86427,0.86442,1014.8400238752365
2024-01-03 14:55:00,0.86443,0.86454,0.86411,0.86454,1403.120027601719
2024-01-03 15:00:00,0.8645,0.86464,0.86413,0.86448,3988.5101009607315
2024-01-03 15:05:00,0.86448,0.86452,0.86384,0.86387,2135.21005320549
2024-01-03 15:10:00,0.86386,0.86431,0.86379,0.86422,1955.0400568246841
2024-01-03 15:15:00,0.8642,0.86423,0.86382,0.86399,1555.260039806366
2024-01-03 15:20:00,0.86398,0.86407,0.86345,0.8635,1864.8100497722626
2024-01-03 15:25:00,0.86349,0.86369,0.86331,0.86352,1685.5100411176682
2024-01-03 15:30:00,0.86352,0.86359,0.86322,0.86354,1898.6600482463837
2024-01-03 15:35:00,0.86355,0.86397,0.86355,0.86395,1531.9500329494476
2024-01-03 15:40:00,0.86396,0.86406,0.86382,0.86394,1381.3000341653824
2024-01-03 15:45:00,0.86393,0.86393,0.8636,0.86374,1536.4700409173965
2024-01-03 15:50:00,0.86375,0.86397,0.86336,0.86349,1788.4000420570374
2024-01-03 15:55:00,0.86347,0.8636,0.86302,0.86355,1390.8900343179703
2024-01-03 16:00:00,0.86357,0.86363,0.86315,0.86321,1313.500028014183
2024-01-03 16:05:00,0.86322,0.86339,0.86284,0.86297,1020.210021853447
2024-01-03 16:10:00,0.86297,0.86303,0.86276,0.86296,1019.1300240755081
2024-01-03 16:15:00,0.86297,0.86318,0.8628,0.86311,1133.840031504631
2024-01-03 16:20:00,0.86311,0.86334,0.86307,0.86333,1207.460025191307
2024-01-03 16:25:00,0.86332,0.86334,0.86301,0.86309,1266.460032582283
2024-01-03 16:30:00,0.86309,0.86315,0.86295,0.86306,900.0400245189667
2024-01-03 16:35:00,0.86305,0.86324,0.86301,0.86319,794.1300204992294
2024-01-03 16:40:00,0.86318,0.86341,0.86302,0.86316,899.3100198507309
2024-01-03 16:45:00,0.86315,0.86336,0.86311,0.86321,848.540020108223
2024-01-03 16:50:00,0.86322,0.86323,0.86305,0.86305,691.5900175571442
2024-01-03 16:55:00,0.86305,0.86311,0.86293,0.86299,654.5800197124481
2024-01-03 17:00:00,0.86298,0.86312,0.8629,0.86292,593.4600157737732
2024-01-03 17:05:00,0.86293,0.86293,0.86261,0.86263,632.0300160646439
2024-01-03 17:10:00,0.86265,0.86284,0.86259,0.86261,772.6200170516968
2024-01-03 17:15:00,0.8626,0.86272,0.86257,0.86267,681.6100159883499
2024-01-03 17:20:00,0.86266,0.86271,0.86247,0.86269,639.0500169992447
2024-01-03 17:25:00,0.86268,0.86272,0.86255,0.86265,663.0200155973434
2024-01-03 17:30:00,0.86263,0.86274,0.8626,0.86272,605.6500135660172
2024-01-03 17:35:00,0.86271,0.8628,0.86268,0.8628,417.000009059906
2024-01-03 17:40:00,0.86279,0.86281,0.86259,0.86264,394.5400085449219
2024-01-03 17:45:00,0.86263,0.86267,0.86257,0.86262,480.3400115966797
2024-01-03 17:50:00,0.86262,0.86271,0.86259,0.86261,530.280012845993
2024-01-03 17:55:00,0.86261,0.86271,0.86255,0.86257,623.970014333725
2024-01-03 18:00:00,0.86257,0.86285,0.86256,0.8628,522.5300134420395
2024-01-03 18:05:00,0.8628,0.86282,0.86262,0.86262,504.0900137424469
2024-01-03 18:10:00,0.86261,0.86273,0.8625,0.86254,726.7600202560425
2024-01-03 18:15:00,0.86252,0.86265,0.86252,0.86263,642.2500150203705
2024-01-03 18:20:00,0.86264,0.86274,0.86253,0.86255,821.4500184059143
2024-01-03 18:25:00,0.86256,0.8626,0.86245,0.86249,385.8400100469589
2024-01-03 18:30:00,0.86249,0.86259,0.8624,0.86241,650.2200154066086
2024-01-03 18:35:00,0.86241,0.86259,0.86241,0.86248,700.9900171756744
2024-01-03 18:40:00,0.86248,0.86251,0.86242,0.86246,348.20000994205475
2024-01-03 18:45:00,0.86245,0.86245,0.86233,0.86234,524.7400149106979
2024-01-03 18:50:00,0.86234,0.8624,0.86229,0.86236,578.0500122308731
2024-01-03 18:55:00,0.86236,0.86251,0.86213,0.8625,663.7600165605545
2024-01-03 19:00:00,0.86249,0.86257,0.86215,0.86241,2813.7800879478455
2024-01-03 19:05:00,0.86241,0.86258,0.86215,0.8622,1393.9600417613983
2024-01-03 19:10:00,0.8622,0.86221,0.86177,0.86185,1120.750028371811
2024-01-03 19:15:00,0.86185,0.86201,0.86179,0.86184,639.6500145196915
2024-01-03 19:20:00,0.86185,0.86197,0.86181,0.86186,438.14000964164734
2024-01-03 19:25:00,0.86186,0.86199,0.86181,0.86192,966.5400218963623
2024-01-03 19:30:00,0.86188,0.86211,0.86184,0.86203,1365.4400321245193
2024-01-03 19:35:00,0.86203,0.86211,0.8619,0.86202,956.9300216436386
2024-01-03 19:40:00,0.86201,0.86213,0.86191,0.8621,974.7800228595734
2024-01-03 19:45:00,0.86209,0.86233,0.86209,0.86222,998.590026974678
2024-01-03 19:50:00,0.86223,0.86223,0.86196,0.86214,453.6300107240677
2024-01-03 19:55:00,0.86213,0.86216,0.86197,0.86215,672.3000172376633
2024-01-03 20:00:00,0.86214,0.86226,0.86213,0.86224,932.7400232553482
2024-01-03 20:05:00,0.86225,0.86237,0.86223,0.86232,626.6500189304352
2024-01-03 20:10:00,0.86232,0.86238,0.86227,0.8623,754.600017786026
2024-01-03 20:15:00,0.86231,0.86257,0.86224,0.86251,453.820011138916
2024-01-03 20:20:00,0.8625,0.86263,0.86247,0.8626,955.3000283241272
2024-01-03 20:25:00,0.86258,0.86267,0.86237,0.86241,715.8000223636627
2024-01-03 20:30:00,0.86242,0.86249,0.86226,0.86226,848.0700272321701
2024-01-03 20:35:00,0.86228,0.86242,0.86227,0.86241,698.4100216627121
2024-01-03 20:40:00,0.86242,0.86245,0.86233,0.86244,590.3300173282623
2024-01-03 20:45:00,0.86243,0.86245,0.86233,0.86236,399.8000112771988
2024-01-03 20:50:00,0.86238,0.86244,0.86226,0.86243,650.3900148868561
2024-01-03 20:55:00,0.86244,0.86246,0.86228,0.86241,631.2100099623203
2024-01-03 21:00:00,0.8624,0.86243,0.86227,0.86227,231.64999692887068
2024-01-03 21:05:00,0.86227,0.86228,0.86215,0.86223,147.8100049495697
2024-01-03 21:10:00,0.86222,0.86229,0.86219,0.86223,402.4100067615509
2024-01-03 21:15:00,0.86223,0.86231,0.86218,0.86221,350.79000985622406
2024-01-03 21:20:00,0.86221,0.86238,0.8622,0.86223,267.43000638484955
2024-01-03 21:25:00,0.86223,0.86237,0.8622,0.86237,263.55000734329224
2024-01-03 21:30:00,0.86238,0.86245,0.86227,0.86229,459.33001160621643
2024-01-03 21:35:00,0.8623,0.86231,0.86219,0.8622,252.31000638008118
2024-01-03 21:40:00,0.86221,0.86227,0.86205,0.86227,352.4100079536438
2024-01-03 21:45:00,0.86226,0.86242,0.8622,0.86239,300.9600077867508
2024-01-03 21:50:00,0.86237,0.8624,0.86228,0.86233,328.7500066757202
2024-01-03 21:55:00,0.86235,0.86258,0.86233,0.86247,478.97000604867935
2024-01-03 22:00:00,0.86315,0.8634,0.86315,0.86337,27.600000858306885
2024-01-03 22:05:00,0.86332,0.86332,0.86217,0.86217,359.48999696969986
2024-01-03 22:10:00,0.86224,0.86226,0.86212,0.86225,266.5299994945526
2024-01-03 22:15:00,0.86225,0.86253,0.86225,0.86248,671.2700099349022
2024-01-03 22:20:00,0.86249,0.86273,0.86237,0.86263,976.1400010585785
2024-01-03 22:25:00,0.86263,0.86264,0.86236,0.86248,628.2600030899048
2024-01-03 22:30:00,0.86249,0.86255,0.86237,0.86245,541.6900099515915
2024-01-03 22:35:00,0.86242,0.86245,0.86234,0.86236,207.49000585079193
2024-01-03 22:40:00,0.86235,0.86237,0.86235,0.86237,146.5700043439865
2024-01-03 22:45:00,0.86237,0.86239,0.86236,0.86239,95.3200032711029
2024-01-03 22:50:00,0.86238,0.86245,0.86237,0.86239,242.19000709056854
2024-01-03 22:55:00,0.86239,0.86246,0.86238,0.86244,234.1500083208084
2024-01-03 23:00:00,0.86253,0.86271,0.86241,0.86241,458.36000895500183
2024-01-03 23:05:00,0.86241,0.86251,0.86237,0.86245,167.03000330924988
2024-01-03 23:10:00,0.86246,0.86255,0.8624,0.86247,382.3900066614151
2024-01-03 23:15:00,0.86245,0.86245,0.86233,0.86239,275.59000504016876
2024-01-03 23:20:00,0.86239,0.8624,0.86226,0.86226,140.35000431537628
2024-01-03 23:25:00,0.86228,0.86235,0.86223,0.8623,230.10000777244568
2024-01-03 23:30:00,0.8623,0.86249,0.86226,0.86236,244.62000596523285
2024-01-03 23:35:00,0.86236,0.86243,0.86221,0.86225,231.53000783920288
2024-01-03 23:40:00,0.86225,0.86234,0.86225,0.86231,163.46000349521637
2024-01-03 23:45:00,0.86231,0.86237,0.86228,0.86231,101.76000308990479
2024-01-03 23:50:00,0.86231,0.86233,0.86223,0.8623,184.97000455856323
2024-01-03 23:55:00,0.86232,0.86233,0.86214,0.8622,156.9900040626526
